time,diameter,baseline_subtracted,trial,trial_after_switch,transition_from,contrast,Stim_side,Feedback_type,probabilityLeft,subject
-1.0,33.06799020102915,-0.3221362502532225,466.65714285714284,32.149326145552564,0.4602388059701493,-0.030862533692722374,-0.08571428571428572,0.6194070080862534,0.5357412398921834,ZFM-01576
-0.8,33.3671640389551,0.011902396310373205,466.65714285714284,32.149326145552564,0.4602388059701493,-0.030862533692722374,-0.08571428571428572,0.6194070080862534,0.5357412398921834,ZFM-01576
-0.6000000000000001,33.74907687311612,0.4404611802565242,466.65714285714284,32.149326145552564,0.4602388059701493,-0.030862533692722374,-0.08571428571428572,0.6194070080862534,0.5357412398921834,ZFM-01576
-0.40000000000000013,33.51105689609983,0.2620676001449426,466.65714285714284,32.149326145552564,0.4602388059701493,-0.030862533692722374,-0.08571428571428572,0.6194070080862534,0.5357412398921834,ZFM-01576
-0.20000000000000018,32.84641292715359,-0.4656828513111432,466.65714285714284,32.149326145552564,0.4602388059701493,-0.030862533692722374,-0.08571428571428572,0.6194070080862534,0.5357412398921834,ZFM-01576
-2.220446049250313e-16,32.62735920145775,-1.0308799968653724,466.65714285714284,32.149326145552564,0.4602388059701493,-0.030862533692722374,-0.08571428571428572,0.6194070080862534,0.5357412398921834,ZFM-01576
0.19999999999999973,31.70295814066445,-1.9078238435683132,466.65714285714284,32.149326145552564,0.4602388059701493,-0.030862533692722374,-0.08571428571428572,0.6194070080862534,0.5357412398921834,ZFM-01576
0.3999999999999997,30.36395616034528,-3.132049114439336,466.65714285714284,32.149326145552564,0.4602388059701493,-0.030862533692722374,-0.08571428571428572,0.6194070080862534,0.5357412398921834,ZFM-01576
0.5999999999999996,29.649838656041755,-3.752198396701649,466.65714285714284,32.149326145552564,0.4602388059701493,-0.030862533692722374,-0.08571428571428572,0.6194070080862534,0.5357412398921834,ZFM-01576
0.7999999999999996,29.817675450522273,-3.533428849523344,466.65714285714284,32.149326145552564,0.4602388059701493,-0.030862533692722374,-0.08571428571428572,0.6194070080862534,0.5357412398921834,ZFM-01576
0.9999999999999996,31.189225336897387,-2.1748597726876238,466.65714285714284,32.149326145552564,0.4602388059701493,-0.030862533692722374,-0.08571428571428572,0.6194070080862534,0.5357412398921834,ZFM-01576
1.1999999999999993,32.374550798904124,-1.0293896210726643,466.65714285714284,32.149326145552564,0.4602388059701493,-0.030862533692722374,-0.08571428571428572,0.6194070080862534,0.5357412398921834,ZFM-01576
1.3999999999999995,33.05883625520751,-0.3250696911529784,466.65714285714284,32.149326145552564,0.4602388059701493,-0.030862533692722374,-0.08571428571428572,0.6194070080862534,0.5357412398921834,ZFM-01576
1.5999999999999996,32.92008957080652,-0.3388423964174473,466.65714285714284,32.149326145552564,0.4602388059701493,-0.030862533692722374,-0.08571428571428572,0.6194070080862534,0.5357412398921834,ZFM-01576
1.7999999999999994,32.42562886256748,-0.6055039013094455,466.65714285714284,32.149326145552564,0.4602388059701493,-0.030862533692722374,-0.08571428571428572,0.6194070080862534,0.5357412398921834,ZFM-01576
1.9999999999999991,32.121039146440175,-0.8922047904227914,466.65714285714284,32.149326145552564,0.4602388059701493,-0.030862533692722374,-0.08571428571428572,0.6194070080862534,0.5357412398921834,ZFM-01576
2.1999999999999993,31.722533140046696,-1.263564086556195,466.65714285714284,32.149326145552564,0.4602388059701493,-0.030862533692722374,-0.08571428571428572,0.6194070080862534,0.5357412398921834,ZFM-01576
2.3999999999999995,31.43339026973944,-1.4455852347762863,466.65714285714284,32.149326145552564,0.4602388059701493,-0.030862533692722374,-0.08571428571428572,0.6194070080862534,0.5357412398921834,ZFM-01576
2.599999999999999,31.578497512941478,-1.4109032900189344,466.65714285714284,32.149326145552564,0.4602388059701493,-0.030862533692722374,-0.08571428571428572,0.6194070080862534,0.5357412398921834,ZFM-01576
2.799999999999999,31.647563694818082,-1.4630536361386937,466.65714285714284,32.149326145552564,0.4602388059701493,-0.030862533692722374,-0.08571428571428572,0.6194070080862534,0.5357412398921834,ZFM-01576
2.999999999999999,31.866491901525624,-1.2957575252896478,466.65714285714284,32.149326145552564,0.4602388059701493,-0.030862533692722374,-0.08571428571428572,0.6194070080862534,0.5357412398921834,ZFM-01576
-1.0,54.062576173345334,4.1844875422184336,282.27638376383766,31.585239852398523,0.4802304147465438,-0.01478321033210332,-0.035424354243542434,0.5431734317343173,0.5135055350553506,ZFM-01577
-0.8,52.31435043494032,2.4210377773058185,282.27638376383766,31.585239852398523,0.4802304147465438,-0.01478321033210332,-0.035424354243542434,0.5431734317343173,0.5135055350553506,ZFM-01577
-0.6000000000000001,50.58584003428685,0.701634753419688,282.27638376383766,31.585239852398523,0.4802304147465438,-0.01478321033210332,-0.035424354243542434,0.5431734317343173,0.5135055350553506,ZFM-01577
-0.40000000000000013,48.86199134688032,-0.9833172280193543,282.27638376383766,31.585239852398523,0.4802304147465438,-0.01478321033210332,-0.035424354243542434,0.5431734317343173,0.5135055350553506,ZFM-01577
-0.20000000000000018,47.38976542606881,-2.379723851926903,282.27638376383766,31.585239852398523,0.4802304147465438,-0.01478321033210332,-0.035424354243542434,0.5431734317343173,0.5135055350553506,ZFM-01577
-2.220446049250313e-16,46.28538820845079,-3.3919327668675985,282.27638376383766,31.585239852398523,0.4802304147465438,-0.01478321033210332,-0.035424354243542434,0.5431734317343173,0.5135055350553506,ZFM-01577
0.19999999999999973,45.481791789986154,-4.118572231484372,282.27638376383766,31.585239852398523,0.4802304147465438,-0.01478321033210332,-0.035424354243542434,0.5431734317343173,0.5135055350553506,ZFM-01577
0.3999999999999997,47.387320602968856,-2.229790901221706,282.27638376383766,31.585239852398523,0.4802304147465438,-0.01478321033210332,-0.035424354243542434,0.5431734317343173,0.5135055350553506,ZFM-01577
0.5999999999999996,55.32134155241097,5.673310519726735,282.27638376383766,31.585239852398523,0.4802304147465438,-0.01478321033210332,-0.035424354243542434,0.5431734317343173,0.5135055350553506,ZFM-01577
0.7999999999999996,60.9581610554508,11.257331056386153,282.27638376383766,31.585239852398523,0.4802304147465438,-0.01478321033210332,-0.035424354243542434,0.5431734317343173,0.5135055350553506,ZFM-01577
0.9999999999999996,62.61473749141724,12.919274891879788,282.27638376383766,31.585239852398523,0.4802304147465438,-0.01478321033210332,-0.035424354243542434,0.5431734317343173,0.5135055350553506,ZFM-01577
1.1999999999999993,64.2047141569786,14.485399690078761,282.27638376383766,31.585239852398523,0.4802304147465438,-0.01478321033210332,-0.035424354243542434,0.5431734317343173,0.5135055350553506,ZFM-01577
1.3999999999999995,65.25519591718151,15.50171117600455,282.27638376383766,31.585239852398523,0.4802304147465438,-0.01478321033210332,-0.035424354243542434,0.5431734317343173,0.5135055350553506,ZFM-01577
1.5999999999999996,65.12189056846141,15.387067445210647,282.27638376383766,31.585239852398523,0.4802304147465438,-0.01478321033210332,-0.035424354243542434,0.5431734317343173,0.5135055350553506,ZFM-01577
1.7999999999999994,63.544442648507875,13.814041168119882,282.27638376383766,31.585239852398523,0.4802304147465438,-0.01478321033210332,-0.035424354243542434,0.5431734317343173,0.5135055350553506,ZFM-01577
1.9999999999999991,61.401402145515604,11.710941602588813,282.27638376383766,31.585239852398523,0.4802304147465438,-0.01478321033210332,-0.035424354243542434,0.5431734317343173,0.5135055350553506,ZFM-01577
2.1999999999999993,58.967612510226964,9.305269228969937,282.27638376383766,31.585239852398523,0.4802304147465438,-0.01478321033210332,-0.035424354243542434,0.5431734317343173,0.5135055350553506,ZFM-01577
2.3999999999999995,56.780798249259284,7.132420754875626,282.27638376383766,31.585239852398523,0.4802304147465438,-0.01478321033210332,-0.035424354243542434,0.5431734317343173,0.5135055350553506,ZFM-01577
2.599999999999999,54.80378120082257,5.1870357199689385,282.27638376383766,31.585239852398523,0.4802304147465438,-0.01478321033210332,-0.035424354243542434,0.5431734317343173,0.5135055350553506,ZFM-01577
2.799999999999999,52.688836637415,3.107035470294595,282.27638376383766,31.585239852398523,0.4802304147465438,-0.01478321033210332,-0.035424354243542434,0.5431734317343173,0.5135055350553506,ZFM-01577
2.999999999999999,50.80505715771982,1.2032178713196078,282.27638376383766,31.585239852398523,0.4802304147465438,-0.01478321033210332,-0.035424354243542434,0.5431734317343173,0.5135055350553506,ZFM-01577
-1.0,45.52830929669845,0.6782121667668264,405.09921962095876,31.066889632107024,0.5023622047244095,-0.013935340022296544,-0.013377926421404682,0.6321070234113713,0.5016722408026756,ZFM-01592
-0.8,45.378878595445414,0.6728106720094493,405.09921962095876,31.066889632107024,0.5023622047244095,-0.013935340022296544,-0.013377926421404682,0.6321070234113713,0.5016722408026756,ZFM-01592
-0.6000000000000001,44.78432968709655,0.21613556446720697,405.09921962095876,31.066889632107024,0.5023622047244095,-0.013935340022296544,-0.013377926421404682,0.6321070234113713,0.5016722408026756,ZFM-01592
-0.40000000000000013,44.597750492475896,0.01924479946413353,405.09921962095876,31.066889632107024,0.5023622047244095,-0.013935340022296544,-0.013377926421404682,0.6321070234113713,0.5016722408026756,ZFM-01592
-0.20000000000000018,44.18345613030866,-0.40579314376879866,405.09921962095876,31.066889632107024,0.5023622047244095,-0.013935340022296544,-0.013377926421404682,0.6321070234113713,0.5016722408026756,ZFM-01592
-2.220446049250313e-16,43.93785315281621,-0.760484894965893,405.09921962095876,31.066889632107024,0.5023622047244095,-0.013935340022296544,-0.013377926421404682,0.6321070234113713,0.5016722408026756,ZFM-01592
0.19999999999999973,43.253702817005696,-1.7279931147566114,405.09921962095876,31.066889632107024,0.5023622047244095,-0.013935340022296544,-0.013377926421404682,0.6321070234113713,0.5016722408026756,ZFM-01592
0.3999999999999997,43.86237248207973,-1.183354867592599,405.09921962095876,31.066889632107024,0.5023622047244095,-0.013935340022296544,-0.013377926421404682,0.6321070234113713,0.5016722408026756,ZFM-01592
0.5999999999999996,47.596619387382596,2.5474201439728703,405.09921962095876,31.066889632107024,0.5023622047244095,-0.013935340022296544,-0.013377926421404682,0.6321070234113713,0.5016722408026756,ZFM-01592
0.7999999999999996,52.23792457600877,7.179249026262291,405.09921962095876,31.066889632107024,0.5023622047244095,-0.013935340022296544,-0.013377926421404682,0.6321070234113713,0.5016722408026756,ZFM-01592
0.9999999999999996,54.14476057625568,9.144768859522513,405.09921962095876,31.066889632107024,0.5023622047244095,-0.013935340022296544,-0.013377926421404682,0.6321070234113713,0.5016722408026756,ZFM-01592
1.1999999999999993,54.12989581687899,9.141389100693841,405.09921962095876,31.066889632107024,0.5023622047244095,-0.013935340022296544,-0.013377926421404682,0.6321070234113713,0.5016722408026756,ZFM-01592
1.3999999999999995,53.98368626106438,8.990409552822252,405.09921962095876,31.066889632107024,0.5023622047244095,-0.013935340022296544,-0.013377926421404682,0.6321070234113713,0.5016722408026756,ZFM-01592
1.5999999999999996,53.47330873152404,8.594528132943568,405.09921962095876,31.066889632107024,0.5023622047244095,-0.013935340022296544,-0.013377926421404682,0.6321070234113713,0.5016722408026756,ZFM-01592
1.7999999999999994,52.101327093986356,7.341342858068521,405.09921962095876,31.066889632107024,0.5023622047244095,-0.013935340022296544,-0.013377926421404682,0.6321070234113713,0.5016722408026756,ZFM-01592
1.9999999999999991,49.895749127614614,5.280451703800799,405.09921962095876,31.066889632107024,0.5023622047244095,-0.013935340022296544,-0.013377926421404682,0.6321070234113713,0.5016722408026756,ZFM-01592
2.1999999999999993,47.75935983144545,3.202820096177011,405.09921962095876,31.066889632107024,0.5023622047244095,-0.013935340022296544,-0.013377926421404682,0.6321070234113713,0.5016722408026756,ZFM-01592
2.3999999999999995,45.76808862956647,1.2906451164725958,405.09921962095876,31.066889632107024,0.5023622047244095,-0.013935340022296544,-0.013377926421404682,0.6321070234113713,0.5016722408026756,ZFM-01592
2.599999999999999,44.41997371307897,-0.02995765248114655,405.09921962095876,31.066889632107024,0.5023622047244095,-0.013935340022296544,-0.013377926421404682,0.6321070234113713,0.5016722408026756,ZFM-01592
2.799999999999999,43.00851739932401,-1.3033534650666752,405.09921962095876,31.066889632107024,0.5023622047244095,-0.013935340022296544,-0.013377926421404682,0.6321070234113713,0.5016722408026756,ZFM-01592
2.999999999999999,41.97714644718321,-2.356080940947693,405.09921962095876,31.066889632107024,0.5023622047244095,-0.013935340022296544,-0.013377926421404682,0.6321070234113713,0.5016722408026756,ZFM-01592
-1.0,55.62164594814225,1.8335968322876692,183.24087591240877,30.51240875912409,0.5089108910891089,-0.003923357664233577,0.021897810218978103,0.22335766423357664,0.49343065693430654,ZFM-01934
-0.8,54.27255771671578,0.62664214338269,183.24087591240877,30.51240875912409,0.5089108910891089,-0.003923357664233577,0.021897810218978103,0.22335766423357664,0.49343065693430654,ZFM-01934
-0.6000000000000001,54.12536268093041,0.33007067321061595,183.24087591240877,30.51240875912409,0.5089108910891089,-0.003923357664233577,0.021897810218978103,0.22335766423357664,0.49343065693430654,ZFM-01934
-0.40000000000000013,53.712332915997,-0.10003746559857611,183.24087591240877,30.51240875912409,0.5089108910891089,-0.003923357664233577,0.021897810218978103,0.22335766423357664,0.49343065693430654,ZFM-01934
-0.20000000000000018,53.345214772594964,-0.6037340686070385,183.24087591240877,30.51240875912409,0.5089108910891089,-0.003923357664233577,0.021897810218978103,0.22335766423357664,0.49343065693430654,ZFM-01934
-2.220446049250313e-16,51.533043289873426,-2.577266661023422,183.24087591240877,30.51240875912409,0.5089108910891089,-0.003923357664233577,0.021897810218978103,0.22335766423357664,0.49343065693430654,ZFM-01934
0.19999999999999973,48.440632228742075,-5.897647091173717,183.24087591240877,30.51240875912409,0.5089108910891089,-0.003923357664233577,0.021897810218978103,0.22335766423357664,0.49343065693430654,ZFM-01934
0.3999999999999997,49.068040887271096,-5.321122206952072,183.24087591240877,30.51240875912409,0.5089108910891089,-0.003923357664233577,0.021897810218978103,0.22335766423357664,0.49343065693430654,ZFM-01934
0.5999999999999996,53.97142289140182,-0.3103071520664208,183.24087591240877,30.51240875912409,0.5089108910891089,-0.003923357664233577,0.021897810218978103,0.22335766423357664,0.49343065693430654,ZFM-01934
0.7999999999999996,56.88771238917707,2.6060020065132106,183.24087591240877,30.51240875912409,0.5089108910891089,-0.003923357664233577,0.021897810218978103,0.22335766423357664,0.49343065693430654,ZFM-01934
0.9999999999999996,59.19341350932933,4.898881662811484,183.24087591240877,30.51240875912409,0.5089108910891089,-0.003923357664233577,0.021897810218978103,0.22335766423357664,0.49343065693430654,ZFM-01934
1.1999999999999993,60.92273961665396,6.879918348410651,183.24087591240877,30.51240875912409,0.5089108910891089,-0.003923357664233577,0.021897810218978103,0.22335766423357664,0.49343065693430654,ZFM-01934
1.3999999999999995,61.59063802973596,7.541296068912912,183.24087591240877,30.51240875912409,0.5089108910891089,-0.003923357664233577,0.021897810218978103,0.22335766423357664,0.49343065693430654,ZFM-01934
1.5999999999999996,61.51228054100112,7.560865096693208,183.24087591240877,30.51240875912409,0.5089108910891089,-0.003923357664233577,0.021897810218978103,0.22335766423357664,0.49343065693430654,ZFM-01934
1.7999999999999994,60.78904742905451,6.88972442593729,183.24087591240877,30.51240875912409,0.5089108910891089,-0.003923357664233577,0.021897810218978103,0.22335766423357664,0.49343065693430654,ZFM-01934
1.9999999999999991,59.78412384141458,5.986229793752091,183.24087591240877,30.51240875912409,0.5089108910891089,-0.003923357664233577,0.021897810218978103,0.22335766423357664,0.49343065693430654,ZFM-01934
2.1999999999999993,59.227457548238576,5.5604853595568855,183.24087591240877,30.51240875912409,0.5089108910891089,-0.003923357664233577,0.021897810218978103,0.22335766423357664,0.49343065693430654,ZFM-01934
2.3999999999999995,58.531744558793555,4.9416452987581865,183.24087591240877,30.51240875912409,0.5089108910891089,-0.003923357664233577,0.021897810218978103,0.22335766423357664,0.49343065693430654,ZFM-01934
2.599999999999999,56.978909128285665,3.094296478218866,183.24087591240877,30.51240875912409,0.5089108910891089,-0.003923357664233577,0.021897810218978103,0.22335766423357664,0.49343065693430654,ZFM-01934
2.799999999999999,54.88913280094319,1.0443403693960187,183.24087591240877,30.51240875912409,0.5089108910891089,-0.003923357664233577,0.021897810218978103,0.22335766423357664,0.49343065693430654,ZFM-01934
2.999999999999999,53.01807945778271,-0.7929889049077458,183.24087591240877,30.51240875912409,0.5089108910891089,-0.003923357664233577,0.021897810218978103,0.22335766423357664,0.49343065693430654,ZFM-01934
-1.0,32.765686061385324,0.7656128472997954,393.7520634920635,31.466984126984126,0.46010752688172046,-0.03115079365079365,-0.08952380952380952,0.6196825396825397,0.5335238095238096,ZFM-01935
-0.8,32.88285905933903,0.916654028030097,393.7520634920635,31.466984126984126,0.46010752688172046,-0.03115079365079365,-0.08952380952380952,0.6196825396825397,0.5335238095238096,ZFM-01935
-0.6000000000000001,32.75427834057178,0.9666391964908606,393.7520634920635,31.466984126984126,0.46010752688172046,-0.03115079365079365,-0.08952380952380952,0.6196825396825397,0.5335238095238096,ZFM-01935
-0.40000000000000013,32.86809135255483,1.1084854842173215,393.7520634920635,31.466984126984126,0.46010752688172046,-0.03115079365079365,-0.08952380952380952,0.6196825396825397,0.5335238095238096,ZFM-01935
-0.20000000000000018,31.86525597054731,0.03972935025028816,393.7520634920635,31.466984126984126,0.46010752688172046,-0.03115079365079365,-0.08952380952380952,0.6196825396825397,0.5335238095238096,ZFM-01935
-2.220446049250313e-16,29.94272255328278,-1.8184271915665637,393.7520634920635,31.466984126984126,0.46010752688172046,-0.03115079365079365,-0.08952380952380952,0.6196825396825397,0.5335238095238096,ZFM-01935
0.19999999999999973,25.84244609701558,-5.9645712294135045,393.7520634920635,31.466984126984126,0.46010752688172046,-0.03115079365079365,-0.08952380952380952,0.6196825396825397,0.5335238095238096,ZFM-01935
0.3999999999999997,23.308392027142908,-8.74094467464323,393.7520634920635,31.466984126984126,0.46010752688172046,-0.03115079365079365,-0.08952380952380952,0.6196825396825397,0.5335238095238096,ZFM-01935
0.5999999999999996,25.739773899812025,-6.24605476541769,393.7520634920635,31.466984126984126,0.46010752688172046,-0.03115079365079365,-0.08952380952380952,0.6196825396825397,0.5335238095238096,ZFM-01935
0.7999999999999996,30.7629902616806,-1.2478458909224335,393.7520634920635,31.466984126984126,0.46010752688172046,-0.03115079365079365,-0.08952380952380952,0.6196825396825397,0.5335238095238096,ZFM-01935
0.9999999999999996,33.92795597684865,1.834748649670201,393.7520634920635,31.466984126984126,0.46010752688172046,-0.03115079365079365,-0.08952380952380952,0.6196825396825397,0.5335238095238096,ZFM-01935
1.1999999999999993,34.278798809311645,2.064143649128123,393.7520634920635,31.466984126984126,0.46010752688172046,-0.03115079365079365,-0.08952380952380952,0.6196825396825397,0.5335238095238096,ZFM-01935
1.3999999999999995,34.72381192539807,2.507314652603653,393.7520634920635,31.466984126984126,0.46010752688172046,-0.03115079365079365,-0.08952380952380952,0.6196825396825397,0.5335238095238096,ZFM-01935
1.5999999999999996,35.40211135192964,3.211412782493813,393.7520634920635,31.466984126984126,0.46010752688172046,-0.03115079365079365,-0.08952380952380952,0.6196825396825397,0.5335238095238096,ZFM-01935
1.7999999999999994,34.728292380486785,2.61292917702469,393.7520634920635,31.466984126984126,0.46010752688172046,-0.03115079365079365,-0.08952380952380952,0.6196825396825397,0.5335238095238096,ZFM-01935
1.9999999999999991,34.16358246982071,1.9670868749085257,393.7520634920635,31.466984126984126,0.46010752688172046,-0.03115079365079365,-0.08952380952380952,0.6196825396825397,0.5335238095238096,ZFM-01935
2.1999999999999993,33.613235427144666,1.3976673886793973,393.7520634920635,31.466984126984126,0.46010752688172046,-0.03115079365079365,-0.08952380952380952,0.6196825396825397,0.5335238095238096,ZFM-01935
2.3999999999999995,32.81236849908061,0.5896822192324097,393.7520634920635,31.466984126984126,0.46010752688172046,-0.03115079365079365,-0.08952380952380952,0.6196825396825397,0.5335238095238096,ZFM-01935
2.599999999999999,31.862547165305273,-0.23119230103462865,393.7520634920635,31.466984126984126,0.46010752688172046,-0.03115079365079365,-0.08952380952380952,0.6196825396825397,0.5335238095238096,ZFM-01935
2.799999999999999,30.800056627442547,-1.019040947540969,393.7520634920635,31.466984126984126,0.46010752688172046,-0.03115079365079365,-0.08952380952380952,0.6196825396825397,0.5335238095238096,ZFM-01935
2.999999999999999,30.068168998448954,-1.583788934741225,393.7520634920635,31.466984126984126,0.46010752688172046,-0.03115079365079365,-0.08952380952380952,0.6196825396825397,0.5335238095238096,ZFM-01935
-1.0,55.70009946630628,4.108043188447906,286.457263666566,31.68589549984899,0.5040057740887767,0.000906070673512534,0.008758683177287828,0.5826034430685594,0.4930232558139535,ZFM-01936
-0.8,54.20909881969743,2.6391075962165615,286.457263666566,31.68589549984899,0.5040057740887767,0.000906070673512534,0.008758683177287828,0.5826034430685594,0.4930232558139535,ZFM-01936
-0.6000000000000001,52.541181755774254,1.0976766567411704,286.457263666566,31.68589549984899,0.5040057740887767,0.000906070673512534,0.008758683177287828,0.5826034430685594,0.4930232558139535,ZFM-01936
-0.40000000000000013,50.75998030021195,-0.6835247988211296,286.457263666566,31.68589549984899,0.5040057740887767,0.000906070673512534,0.008758683177287828,0.5826034430685594,0.4930232558139535,ZFM-01936
-0.20000000000000018,48.82662368170285,-2.6179128093208344,286.457263666566,31.68589549984899,0.5040057740887767,0.000906070673512534,0.008758683177287828,0.5826034430685594,0.4930232558139535,ZFM-01936
-2.220446049250313e-16,47.08604207890453,-4.358494412119149,286.457263666566,31.68589549984899,0.5040057740887767,0.000906070673512534,0.008758683177287828,0.5826034430685594,0.4930232558139535,ZFM-01936
0.19999999999999973,45.30288778001859,-6.221817042628953,286.457263666566,31.68589549984899,0.5040057740887767,0.000906070673512534,0.008758683177287828,0.5826034430685594,0.4930232558139535,ZFM-01936
0.3999999999999997,46.1185104578195,-5.407850591556543,286.457263666566,31.68589549984899,0.5040057740887767,0.000906070673512534,0.008758683177287828,0.5826034430685594,0.4930232558139535,ZFM-01936
0.5999999999999996,50.18353628675852,-1.3476584633280704,286.457263666566,31.68589549984899,0.5040057740887767,0.000906070673512534,0.008758683177287828,0.5826034430685594,0.4930232558139535,ZFM-01936
0.7999999999999996,52.1756303755882,0.6466786725587016,286.457263666566,31.68589549984899,0.5040057740887767,0.000906070673512534,0.008758683177287828,0.5826034430685594,0.4930232558139535,ZFM-01936
0.9999999999999996,53.85176601181383,2.3293019740474668,286.457263666566,31.68589549984899,0.5040057740887767,0.000906070673512534,0.008758683177287828,0.5826034430685594,0.4930232558139535,ZFM-01936
1.1999999999999993,56.2784999611042,4.773234634344781,286.457263666566,31.68589549984899,0.5040057740887767,0.000906070673512534,0.008758683177287828,0.5826034430685594,0.4930232558139535,ZFM-01936
1.3999999999999995,58.459746964379406,6.94972346330756,286.457263666566,31.68589549984899,0.5040057740887767,0.000906070673512534,0.008758683177287828,0.5826034430685594,0.4930232558139535,ZFM-01936
1.5999999999999996,59.05320510800915,7.53091827711593,286.457263666566,31.68589549984899,0.5040057740887767,0.000906070673512534,0.008758683177287828,0.5826034430685594,0.4930232558139535,ZFM-01936
1.7999999999999994,58.791827123940166,7.268280808411932,286.457263666566,31.68589549984899,0.5040057740887767,0.000906070673512534,0.008758683177287828,0.5826034430685594,0.4930232558139535,ZFM-01936
1.9999999999999991,58.25448586921487,6.736874681312681,286.457263666566,31.68589549984899,0.5040057740887767,0.000906070673512534,0.008758683177287828,0.5826034430685594,0.4930232558139535,ZFM-01936
2.1999999999999993,57.08614838802659,5.5380259908811835,286.457263666566,31.68589549984899,0.5040057740887767,0.000906070673512534,0.008758683177287828,0.5826034430685594,0.4930232558139535,ZFM-01936
2.3999999999999995,55.748208705349846,4.194370326923826,286.457263666566,31.68589549984899,0.5040057740887767,0.000906070673512534,0.008758683177287828,0.5826034430685594,0.4930232558139535,ZFM-01936
2.599999999999999,54.40443002277002,2.8730484253168207,286.457263666566,31.68589549984899,0.5040057740887767,0.000906070673512534,0.008758683177287828,0.5826034430685594,0.4930232558139535,ZFM-01936
2.799999999999999,52.86872442070574,1.2966997704971417,286.457263666566,31.68589549984899,0.5040057740887767,0.000906070673512534,0.008758683177287828,0.5826034430685594,0.4930232558139535,ZFM-01936
2.999999999999999,51.26861598914151,-0.3394489400629958,286.457263666566,31.68589549984899,0.5040057740887767,0.000906070673512534,0.008758683177287828,0.5826034430685594,0.4930232558139535,ZFM-01936
-1.0,38.02072180542218,5.345571308777352,344.8658163265306,33.255102040816325,0.4559763313609468,-0.022417091836734696,-0.0653061224489796,0.6428571428571429,0.53,ZFM-01937
-0.8,36.746329176622346,4.0325309910133695,344.8658163265306,33.255102040816325,0.4559763313609468,-0.022417091836734696,-0.0653061224489796,0.6428571428571429,0.53,ZFM-01937
-0.6000000000000001,34.55344716478036,1.8351063415383366,344.8658163265306,33.255102040816325,0.4559763313609468,-0.022417091836734696,-0.0653061224489796,0.6428571428571429,0.53,ZFM-01937
-0.40000000000000013,31.650715749468095,-1.0861914051823771,344.8658163265306,33.255102040816325,0.4559763313609468,-0.022417091836734696,-0.0653061224489796,0.6428571428571429,0.53,ZFM-01937
-0.20000000000000018,28.75709237584865,-3.990637284695872,344.8658163265306,33.255102040816325,0.4559763313609468,-0.022417091836734696,-0.0653061224489796,0.6428571428571429,0.53,ZFM-01937
-2.220446049250313e-16,26.05379710385436,-6.666456249458349,344.8658163265306,33.255102040816325,0.4559763313609468,-0.022417091836734696,-0.0653061224489796,0.6428571428571429,0.53,ZFM-01937
0.19999999999999973,23.960757846947594,-8.746822642216772,344.8658163265306,33.255102040816325,0.4559763313609468,-0.022417091836734696,-0.0653061224489796,0.6428571428571429,0.53,ZFM-01937
0.3999999999999997,23.866753233846833,-8.852299259396398,344.8658163265306,33.255102040816325,0.4559763313609468,-0.022417091836734696,-0.0653061224489796,0.6428571428571429,0.53,ZFM-01937
0.5999999999999996,26.7127288430171,-6.000494016470332,344.8658163265306,33.255102040816325,0.4559763313609468,-0.022417091836734696,-0.0653061224489796,0.6428571428571429,0.53,ZFM-01937
0.7999999999999996,30.83549993001655,-1.870823801904363,344.8658163265306,33.255102040816325,0.4559763313609468,-0.022417091836734696,-0.0653061224489796,0.6428571428571429,0.53,ZFM-01937
0.9999999999999996,33.972688161747236,1.2611816047078848,344.8658163265306,33.255102040816325,0.4559763313609468,-0.022417091836734696,-0.0653061224489796,0.6428571428571429,0.53,ZFM-01937
1.1999999999999993,35.52718534568664,2.8114500144128325,344.8658163265306,33.255102040816325,0.4559763313609468,-0.022417091836734696,-0.0653061224489796,0.6428571428571429,0.53,ZFM-01937
1.3999999999999995,36.83839165901012,4.11746449560549,344.8658163265306,33.255102040816325,0.4559763313609468,-0.022417091836734696,-0.0653061224489796,0.6428571428571429,0.53,ZFM-01937
1.5999999999999996,38.42717813211721,5.710402340533728,344.8658163265306,33.255102040816325,0.4559763313609468,-0.022417091836734696,-0.0653061224489796,0.6428571428571429,0.53,ZFM-01937
1.7999999999999994,39.35167989649081,6.631213641821692,344.8658163265306,33.255102040816325,0.4559763313609468,-0.022417091836734696,-0.0653061224489796,0.6428571428571429,0.53,ZFM-01937
1.9999999999999991,39.43605013834586,6.711853392868619,344.8658163265306,33.255102040816325,0.4559763313609468,-0.022417091836734696,-0.0653061224489796,0.6428571428571429,0.53,ZFM-01937
2.1999999999999993,39.31698421035418,6.624417425546901,344.8658163265306,33.255102040816325,0.4559763313609468,-0.022417091836734696,-0.0653061224489796,0.6428571428571429,0.53,ZFM-01937
2.3999999999999995,38.46617269558779,5.773812426390369,344.8658163265306,33.255102040816325,0.4559763313609468,-0.022417091836734696,-0.0653061224489796,0.6428571428571429,0.53,ZFM-01937
2.599999999999999,36.84790969685351,4.160861507601819,344.8658163265306,33.255102040816325,0.4559763313609468,-0.022417091836734696,-0.0653061224489796,0.6428571428571429,0.53,ZFM-01937
2.799999999999999,34.71932116480306,2.0488524817082148,344.8658163265306,33.255102040816325,0.4559763313609468,-0.022417091836734696,-0.0653061224489796,0.6428571428571429,0.53,ZFM-01937
2.999999999999999,32.78584632644783,0.0757950829906842,344.8658163265306,33.255102040816325,0.4559763313609468,-0.022417091836734696,-0.0653061224489796,0.6428571428571429,0.53,ZFM-01937
-1.0,55.84167566279676,2.503403464274778,291.59785841760856,30.819750148721,0.4725726435152375,-0.02818262938726948,-0.05056513979773944,0.3825104104699584,0.5287328970850684,ZFM-02368
-0.8,55.038306209867336,1.8854138421566362,291.59785841760856,30.819750148721,0.4725726435152375,-0.02818262938726948,-0.05056513979773944,0.3825104104699584,0.5287328970850684,ZFM-02368
-0.6000000000000001,54.12389642011984,0.9759492912180349,291.59785841760856,30.819750148721,0.4725726435152375,-0.02818262938726948,-0.05056513979773944,0.3825104104699584,0.5287328970850684,ZFM-02368
-0.40000000000000013,52.539122195595105,-0.5781043930375513,291.59785841760856,30.819750148721,0.4725726435152375,-0.02818262938726948,-0.05056513979773944,0.3825104104699584,0.5287328970850684,ZFM-02368
-0.20000000000000018,51.04328911146768,-2.169459830035634,291.59785841760856,30.819750148721,0.4725726435152375,-0.02818262938726948,-0.05056513979773944,0.3825104104699584,0.5287328970850684,ZFM-02368
-2.220446049250313e-16,49.32387468583397,-3.952860190236732,291.59785841760856,30.819750148721,0.4725726435152375,-0.02818262938726948,-0.05056513979773944,0.3825104104699584,0.5287328970850684,ZFM-02368
0.19999999999999973,46.600188192417264,-6.794014482847158,291.59785841760856,30.819750148721,0.4725726435152375,-0.02818262938726948,-0.05056513979773944,0.3825104104699584,0.5287328970850684,ZFM-02368
0.3999999999999997,47.26381642353914,-6.170757430632733,291.59785841760856,30.819750148721,0.4725726435152375,-0.02818262938726948,-0.05056513979773944,0.3825104104699584,0.5287328970850684,ZFM-02368
0.5999999999999996,52.250305160500034,-1.1606986481088444,291.59785841760856,30.819750148721,0.4725726435152375,-0.02818262938726948,-0.05056513979773944,0.3825104104699584,0.5287328970850684,ZFM-02368
0.7999999999999996,56.21586025836495,2.765383945328376,291.59785841760856,30.819750148721,0.4725726435152375,-0.02818262938726948,-0.05056513979773944,0.3825104104699584,0.5287328970850684,ZFM-02368
0.9999999999999996,57.62733412224857,4.206068647059089,291.59785841760856,30.819750148721,0.4725726435152375,-0.02818262938726948,-0.05056513979773944,0.3825104104699584,0.5287328970850684,ZFM-02368
1.1999999999999993,58.48577660374266,4.958602010887742,291.59785841760856,30.819750148721,0.4725726435152375,-0.02818262938726948,-0.05056513979773944,0.3825104104699584,0.5287328970850684,ZFM-02368
1.3999999999999995,58.897940835521005,5.443649397032309,291.59785841760856,30.819750148721,0.4725726435152375,-0.02818262938726948,-0.05056513979773944,0.3825104104699584,0.5287328970850684,ZFM-02368
1.5999999999999996,59.0434976347583,5.79013803975335,291.59785841760856,30.819750148721,0.4725726435152375,-0.02818262938726948,-0.05056513979773944,0.3825104104699584,0.5287328970850684,ZFM-02368
1.7999999999999994,59.05962886092397,5.82221196621966,291.59785841760856,30.819750148721,0.4725726435152375,-0.02818262938726948,-0.05056513979773944,0.3825104104699584,0.5287328970850684,ZFM-02368
1.9999999999999991,58.328316219421694,5.1749334557452,291.59785841760856,30.819750148721,0.4725726435152375,-0.02818262938726948,-0.05056513979773944,0.3825104104699584,0.5287328970850684,ZFM-02368
2.1999999999999993,57.559851589036924,4.47898363743134,291.59785841760856,30.819750148721,0.4725726435152375,-0.02818262938726948,-0.05056513979773944,0.3825104104699584,0.5287328970850684,ZFM-02368
2.3999999999999995,55.9167979622119,2.8881308017879883,291.59785841760856,30.819750148721,0.4725726435152375,-0.02818262938726948,-0.05056513979773944,0.3825104104699584,0.5287328970850684,ZFM-02368
2.599999999999999,54.52117091904902,1.4972114293177805,291.59785841760856,30.819750148721,0.4725726435152375,-0.02818262938726948,-0.05056513979773944,0.3825104104699584,0.5287328970850684,ZFM-02368
2.799999999999999,53.46211997175396,0.5001677983277555,291.59785841760856,30.819750148721,0.4725726435152375,-0.02818262938726948,-0.05056513979773944,0.3825104104699584,0.5287328970850684,ZFM-02368
2.999999999999999,52.22858793340094,-0.6970000919141313,291.59785841760856,30.819750148721,0.4725726435152375,-0.02818262938726948,-0.05056513979773944,0.3825104104699584,0.5287328970850684,ZFM-02368
-1.0,49.04506030079921,-0.6931364074121426,307.4656690140845,32.53345070422535,0.5134937238493724,0.012433978873239437,0.02992957746478873,0.6390845070422535,0.4836267605633803,ZFM-02369
-0.8,49.55947263700043,-0.1787240712109133,307.4656690140845,32.53345070422535,0.5134937238493724,0.012433978873239437,0.02992957746478873,0.6390845070422535,0.4836267605633803,ZFM-02369
-0.6000000000000001,49.86528183490563,0.04293027090209606,307.4656690140845,32.53345070422535,0.5134937238493724,0.012433978873239437,0.02992957746478873,0.6390845070422535,0.4836267605633803,ZFM-02369
-0.40000000000000013,50.170858154325416,0.3485065903218813,307.4656690140845,32.53345070422535,0.5134937238493724,0.012433978873239437,0.02992957746478873,0.6390845070422535,0.4836267605633803,ZFM-02369
-0.20000000000000018,49.62317284121463,-0.1991787227888963,307.4656690140845,32.53345070422535,0.5134937238493724,0.012433978873239437,0.02992957746478873,0.6390845070422535,0.4836267605633803,ZFM-02369
-2.220446049250313e-16,48.333162343282055,-1.48918922072148,307.4656690140845,32.53345070422535,0.5134937238493724,0.012433978873239437,0.02992957746478873,0.6390845070422535,0.4836267605633803,ZFM-02369
0.19999999999999973,46.09917846412097,-3.723173099882559,307.4656690140845,32.53345070422535,0.5134937238493724,0.012433978873239437,0.02992957746478873,0.6390845070422535,0.4836267605633803,ZFM-02369
0.3999999999999997,46.610564099813956,-3.2117874641895763,307.4656690140845,32.53345070422535,0.5134937238493724,0.012433978873239437,0.02992957746478873,0.6390845070422535,0.4836267605633803,ZFM-02369
0.5999999999999996,50.169776667782266,0.3474251037787319,307.4656690140845,32.53345070422535,0.5134937238493724,0.012433978873239437,0.02992957746478873,0.6390845070422535,0.4836267605633803,ZFM-02369
0.7999999999999996,51.20639746588276,1.3840459018792253,307.4656690140845,32.53345070422535,0.5134937238493724,0.012433978873239437,0.02992957746478873,0.6390845070422535,0.4836267605633803,ZFM-02369
0.9999999999999996,50.6862945549399,0.8639429909363651,307.4656690140845,32.53345070422535,0.5134937238493724,0.012433978873239437,0.02992957746478873,0.6390845070422535,0.4836267605633803,ZFM-02369
1.1999999999999993,50.1667293146903,0.34437775068676996,307.4656690140845,32.53345070422535,0.5134937238493724,0.012433978873239437,0.02992957746478873,0.6390845070422535,0.4836267605633803,ZFM-02369
1.3999999999999995,49.556801766985,-0.2655497970185391,307.4656690140845,32.53345070422535,0.5134937238493724,0.012433978873239437,0.02992957746478873,0.6390845070422535,0.4836267605633803,ZFM-02369
1.5999999999999996,48.70122017939965,-1.121131384603888,307.4656690140845,32.53345070422535,0.5134937238493724,0.012433978873239437,0.02992957746478873,0.6390845070422535,0.4836267605633803,ZFM-02369
1.7999999999999994,48.71664735790104,-1.1057042061024946,307.4656690140845,32.53345070422535,0.5134937238493724,0.012433978873239437,0.02992957746478873,0.6390845070422535,0.4836267605633803,ZFM-02369
1.9999999999999991,49.377368088682104,-0.44498347532142873,307.4656690140845,32.53345070422535,0.5134937238493724,0.012433978873239437,0.02992957746478873,0.6390845070422535,0.4836267605633803,ZFM-02369
2.1999999999999993,49.70130160336719,-0.12104996063634403,307.4656690140845,32.53345070422535,0.5134937238493724,0.012433978873239437,0.02992957746478873,0.6390845070422535,0.4836267605633803,ZFM-02369
2.3999999999999995,49.40136536924739,-0.4209861947561414,307.4656690140845,32.53345070422535,0.5134937238493724,0.012433978873239437,0.02992957746478873,0.6390845070422535,0.4836267605633803,ZFM-02369
2.599999999999999,49.39155146170929,-0.43080010229423893,307.4656690140845,32.53345070422535,0.5134937238493724,0.012433978873239437,0.02992957746478873,0.6390845070422535,0.4836267605633803,ZFM-02369
2.799999999999999,49.341068182169984,-0.4812833818335425,307.4656690140845,32.53345070422535,0.5134937238493724,0.012433978873239437,0.02992957746478873,0.6390845070422535,0.4836267605633803,ZFM-02369
2.999999999999999,48.8908788599376,-0.9314727040659344,307.4656690140845,32.53345070422535,0.5134937238493724,0.012433978873239437,0.02992957746478873,0.6390845070422535,0.4836267605633803,ZFM-02369
-1.0,37.17043442166986,-0.6351723952650566,360.3631144599928,31.722640832436312,0.4831891223733004,-0.015204520990312163,-0.03839253677789738,0.37782561894510225,0.5125941872981701,ZFM-02370
-0.8,37.76926493071098,0.1164312435085581,360.3631144599928,31.722640832436312,0.4831891223733004,-0.015204520990312163,-0.03839253677789738,0.37782561894510225,0.5125941872981701,ZFM-02370
-0.6000000000000001,38.48688281684454,1.0643094794892187,360.3631144599928,31.722640832436312,0.4831891223733004,-0.015204520990312163,-0.03839253677789738,0.37782561894510225,0.5125941872981701,ZFM-02370
-0.40000000000000013,38.20053911692994,0.8765047829294667,360.3631144599928,31.722640832436312,0.4831891223733004,-0.015204520990312163,-0.03839253677789738,0.37782561894510225,0.5125941872981701,ZFM-02370
-0.20000000000000018,36.724388790471735,-0.44338154519901257,360.3631144599928,31.722640832436312,0.4831891223733004,-0.015204520990312163,-0.03839253677789738,0.37782561894510225,0.5125941872981701,ZFM-02370
-2.220446049250313e-16,34.62195714428857,-2.3895337702000865,360.3631144599928,31.722640832436312,0.4831891223733004,-0.015204520990312163,-0.03839253677789738,0.37782561894510225,0.5125941872981701,ZFM-02370
0.19999999999999973,30.681542608179655,-6.244591899571347,360.3631144599928,31.722640832436312,0.4831891223733004,-0.015204520990312163,-0.03839253677789738,0.37782561894510225,0.5125941872981701,ZFM-02370
0.3999999999999997,27.844020089130492,-9.15788515381849,360.3631144599928,31.722640832436312,0.4831891223733004,-0.015204520990312163,-0.03839253677789738,0.37782561894510225,0.5125941872981701,ZFM-02370
0.5999999999999996,30.34013512765067,-6.789196119267914,360.3631144599928,31.722640832436312,0.4831891223733004,-0.015204520990312163,-0.03839253677789738,0.37782561894510225,0.5125941872981701,ZFM-02370
0.7999999999999996,33.51547765683893,-3.5859483139828647,360.3631144599928,31.722640832436312,0.4831891223733004,-0.015204520990312163,-0.03839253677789738,0.37782561894510225,0.5125941872981701,ZFM-02370
0.9999999999999996,34.561378388744735,-2.6069428352185535,360.3631144599928,31.722640832436312,0.4831891223733004,-0.015204520990312163,-0.03839253677789738,0.37782561894510225,0.5125941872981701,ZFM-02370
1.1999999999999993,35.03835685040132,-2.1541368514949513,360.3631144599928,31.722640832436312,0.4831891223733004,-0.015204520990312163,-0.03839253677789738,0.37782561894510225,0.5125941872981701,ZFM-02370
1.3999999999999995,35.64229446571254,-1.4767515617326692,360.3631144599928,31.722640832436312,0.4831891223733004,-0.015204520990312163,-0.03839253677789738,0.37782561894510225,0.5125941872981701,ZFM-02370
1.5999999999999996,36.507177612303636,-0.7006394041297523,360.3631144599928,31.722640832436312,0.4831891223733004,-0.015204520990312163,-0.03839253677789738,0.37782561894510225,0.5125941872981701,ZFM-02370
1.7999999999999994,36.9133930887629,-0.2970296608916855,360.3631144599928,31.722640832436312,0.4831891223733004,-0.015204520990312163,-0.03839253677789738,0.37782561894510225,0.5125941872981701,ZFM-02370
1.9999999999999991,37.511158661307405,0.10865555449699765,360.3631144599928,31.722640832436312,0.4831891223733004,-0.015204520990312163,-0.03839253677789738,0.37782561894510225,0.5125941872981701,ZFM-02370
2.1999999999999993,38.08607433099896,0.7644787338856194,360.3631144599928,31.722640832436312,0.4831891223733004,-0.015204520990312163,-0.03839253677789738,0.37782561894510225,0.5125941872981701,ZFM-02370
2.3999999999999995,38.64015022697367,1.010673333462771,360.3631144599928,31.722640832436312,0.4831891223733004,-0.015204520990312163,-0.03839253677789738,0.37782561894510225,0.5125941872981701,ZFM-02370
2.599999999999999,39.152495314015816,1.5327336304839636,360.3631144599928,31.722640832436312,0.4831891223733004,-0.015204520990312163,-0.03839253677789738,0.37782561894510225,0.5125941872981701,ZFM-02370
2.799999999999999,39.13015696928571,1.4062366850564185,360.3631144599928,31.722640832436312,0.4831891223733004,-0.015204520990312163,-0.03839253677789738,0.37782561894510225,0.5125941872981701,ZFM-02370
2.999999999999999,38.58169806653627,0.6833463183690126,360.3631144599928,31.722640832436312,0.4831891223733004,-0.015204520990312163,-0.03839253677789738,0.37782561894510225,0.5125941872981701,ZFM-02370
-1.0,40.09487322364085,0.9750196585479609,272.7958801498127,32.16947565543071,0.4503378378378379,-0.03996956928838951,-0.07677902621722846,0.6385767790262172,0.5410112359550563,ZFM-02372
-0.8,40.097478480595086,0.9963600710812887,272.7958801498127,32.16947565543071,0.4503378378378379,-0.03996956928838951,-0.07677902621722846,0.6385767790262172,0.5410112359550563,ZFM-02372
-0.6000000000000001,39.68550669949206,0.5981158657143643,272.7958801498127,32.16947565543071,0.4503378378378379,-0.03996956928838951,-0.07677902621722846,0.6385767790262172,0.5410112359550563,ZFM-02372
-0.40000000000000013,39.098173209150204,-0.005874409239838025,272.7958801498127,32.16947565543071,0.4503378378378379,-0.03996956928838951,-0.07677902621722846,0.6385767790262172,0.5410112359550563,ZFM-02372
-0.20000000000000018,38.4199069658744,-0.7054823024651784,272.7958801498127,32.16947565543071,0.4503378378378379,-0.03996956928838951,-0.07677902621722846,0.6385767790262172,0.5410112359550563,ZFM-02372
-2.220446049250313e-16,37.16586070632006,-1.9547501756415946,272.7958801498127,32.16947565543071,0.4503378378378379,-0.03996956928838951,-0.07677902621722846,0.6385767790262172,0.5410112359550563,ZFM-02372
0.19999999999999973,38.14913903161729,-1.0404546758289208,272.7958801498127,32.16947565543071,0.4503378378378379,-0.03996956928838951,-0.07677902621722846,0.6385767790262172,0.5410112359550563,ZFM-02372
0.3999999999999997,37.98718740330895,-1.1821851344787866,272.7958801498127,32.16947565543071,0.4503378378378379,-0.03996956928838951,-0.07677902621722846,0.6385767790262172,0.5410112359550563,ZFM-02372
0.5999999999999996,35.09596498569561,-4.058454237167515,272.7958801498127,32.16947565543071,0.4503378378378379,-0.03996956928838951,-0.07677902621722846,0.6385767790262172,0.5410112359550563,ZFM-02372
0.7999999999999996,32.92241263322813,-6.222455432814759,272.7958801498127,32.16947565543071,0.4503378378378379,-0.03996956928838951,-0.07677902621722846,0.6385767790262172,0.5410112359550563,ZFM-02372
0.9999999999999996,33.26873460951457,-5.832119835145799,272.7958801498127,32.16947565543071,0.4503378378378379,-0.03996956928838951,-0.07677902621722846,0.6385767790262172,0.5410112359550563,ZFM-02372
1.1999999999999993,35.41112670261582,-3.680244429991678,272.7958801498127,32.16947565543071,0.4503378378378379,-0.03996956928838951,-0.07677902621722846,0.6385767790262172,0.5410112359550563,ZFM-02372
1.3999999999999995,36.86986549018889,-2.2343708414176775,272.7958801498127,32.16947565543071,0.4503378378378379,-0.03996956928838951,-0.07677902621722846,0.6385767790262172,0.5410112359550563,ZFM-02372
1.5999999999999996,37.22236638312941,-1.8727892762241105,272.7958801498127,32.16947565543071,0.4503378378378379,-0.03996956928838951,-0.07677902621722846,0.6385767790262172,0.5410112359550563,ZFM-02372
1.7999999999999994,37.92204091753202,-1.1778710856349868,272.7958801498127,32.16947565543071,0.4503378378378379,-0.03996956928838951,-0.07677902621722846,0.6385767790262172,0.5410112359550563,ZFM-02372
1.9999999999999991,37.6538795917065,-1.4804653345335148,272.7958801498127,32.16947565543071,0.4503378378378379,-0.03996956928838951,-0.07677902621722846,0.6385767790262172,0.5410112359550563,ZFM-02372
2.1999999999999993,37.4857455534129,-1.7357506819540744,272.7958801498127,32.16947565543071,0.4503378378378379,-0.03996956928838951,-0.07677902621722846,0.6385767790262172,0.5410112359550563,ZFM-02372
2.3999999999999995,37.91373562823465,-1.3190533732735086,272.7958801498127,32.16947565543071,0.4503378378378379,-0.03996956928838951,-0.07677902621722846,0.6385767790262172,0.5410112359550563,ZFM-02372
2.599999999999999,37.96652009647623,-1.2690299085714931,272.7958801498127,32.16947565543071,0.4503378378378379,-0.03996956928838951,-0.07677902621722846,0.6385767790262172,0.5410112359550563,ZFM-02372
2.799999999999999,37.96140596654613,-1.308163072193645,272.7958801498127,32.16947565543071,0.4503378378378379,-0.03996956928838951,-0.07677902621722846,0.6385767790262172,0.5410112359550563,ZFM-02372
2.999999999999999,38.25990652711946,-0.8921325199570777,272.7958801498127,32.16947565543071,0.4503378378378379,-0.03996956928838951,-0.07677902621722846,0.6385767790262172,0.5410112359550563,ZFM-02372
-1.0,41.223356288053466,1.8249804547197663,211.5,31.816037735849058,0.5485029940119761,0.004274764150943396,0.07547169811320754,0.5518867924528302,0.484433962264151,ZFM-02373
-0.8,40.724987974705954,1.3266121413722558,211.5,31.816037735849058,0.5485029940119761,0.004274764150943396,0.07547169811320754,0.5518867924528302,0.484433962264151,ZFM-02373
-0.6000000000000001,40.337001891174076,0.9386260578403827,211.5,31.816037735849058,0.5485029940119761,0.004274764150943396,0.07547169811320754,0.5518867924528302,0.484433962264151,ZFM-02373
-0.40000000000000013,39.38658114531214,-0.011794688021554532,211.5,31.816037735849058,0.5485029940119761,0.004274764150943396,0.07547169811320754,0.5518867924528302,0.484433962264151,ZFM-02373
-0.20000000000000018,37.42359106284291,-1.9747847704907862,211.5,31.816037735849058,0.5485029940119761,0.004274764150943396,0.07547169811320754,0.5518867924528302,0.484433962264151,ZFM-02373
-2.220446049250313e-16,35.19506119359577,-4.203314639737927,211.5,31.816037735849058,0.5485029940119761,0.004274764150943396,0.07547169811320754,0.5518867924528302,0.484433962264151,ZFM-02373
0.19999999999999973,33.715400055798106,-5.682975777535586,211.5,31.816037735849058,0.5485029940119761,0.004274764150943396,0.07547169811320754,0.5518867924528302,0.484433962264151,ZFM-02373
0.3999999999999997,33.10288402745642,-6.288737354619345,211.5,31.816037735849058,0.5485029940119761,0.004274764150943396,0.07547169811320754,0.5518867924528302,0.484433962264151,ZFM-02373
0.5999999999999996,32.48738474388236,-6.919094607592576,211.5,31.816037735849058,0.5485029940119761,0.004274764150943396,0.07547169811320754,0.5518867924528302,0.484433962264151,ZFM-02373
0.7999999999999996,33.66253758180702,-5.763485660241464,211.5,31.816037735849058,0.5485029940119761,0.004274764150943396,0.07547169811320754,0.5518867924528302,0.484433962264151,ZFM-02373
0.9999999999999996,34.201046379213444,-5.230540082057284,211.5,31.816037735849058,0.5485029940119761,0.004274764150943396,0.07547169811320754,0.5518867924528302,0.484433962264151,ZFM-02373
1.1999999999999993,34.42533536813772,-5.019114066648331,211.5,31.816037735849058,0.5485029940119761,0.004274764150943396,0.07547169811320754,0.5518867924528302,0.484433962264151,ZFM-02373
1.3999999999999995,35.40617348506063,-4.0428139758038775,211.5,31.816037735849058,0.5485029940119761,0.004274764150943396,0.07547169811320754,0.5518867924528302,0.484433962264151,ZFM-02373
1.5999999999999996,36.87937774373339,-2.5642472991758227,211.5,31.816037735849058,0.5485029940119761,0.004274764150943396,0.07547169811320754,0.5518867924528302,0.484433962264151,ZFM-02373
1.7999999999999994,37.715643163281094,-1.723008547828668,211.5,31.816037735849058,0.5485029940119761,0.004274764150943396,0.07547169811320754,0.5518867924528302,0.484433962264151,ZFM-02373
1.9999999999999991,37.71045337519302,-1.7530111590060398,211.5,31.816037735849058,0.5485029940119761,0.004274764150943396,0.07547169811320754,0.5518867924528302,0.484433962264151,ZFM-02373
2.1999999999999993,37.037528864933655,-2.4588176822307832,211.5,31.816037735849058,0.5485029940119761,0.004274764150943396,0.07547169811320754,0.5518867924528302,0.484433962264151,ZFM-02373
2.3999999999999995,36.891497216738415,-2.636485733788423,211.5,31.816037735849058,0.5485029940119761,0.004274764150943396,0.07547169811320754,0.5518867924528302,0.484433962264151,ZFM-02373
2.599999999999999,35.50900704656702,-4.053535377114116,211.5,31.816037735849058,0.5485029940119761,0.004274764150943396,0.07547169811320754,0.5518867924528302,0.484433962264151,ZFM-02373
2.799999999999999,34.27505716588331,-5.289717517062255,211.5,31.816037735849058,0.5485029940119761,0.004274764150943396,0.07547169811320754,0.5518867924528302,0.484433962264151,ZFM-02373
2.999999999999999,33.91659128653498,-5.580983353814176,211.5,31.816037735849058,0.5485029940119761,0.004274764150943396,0.07547169811320754,0.5518867924528302,0.484433962264151,ZFM-02373
-1.0,69.06343825903915,4.026021475444689,127.46410256410256,33.343589743589746,0.4369158878504673,0.010737179487179487,-0.02564102564102564,0.08717948717948718,0.4953846153846154,ZFM-03841
-0.8,67.2627173657942,2.4764321162639535,127.46410256410256,33.343589743589746,0.4369158878504673,0.010737179487179487,-0.02564102564102564,0.08717948717948718,0.4953846153846154,ZFM-03841
-0.6000000000000001,65.28182448853318,0.75275139947146,127.46410256410256,33.343589743589746,0.4369158878504673,0.010737179487179487,-0.02564102564102564,0.08717948717948718,0.4953846153846154,ZFM-03841
-0.40000000000000013,63.55092608172715,-0.8958509858687765,127.46410256410256,33.343589743589746,0.4369158878504673,0.010737179487179487,-0.02564102564102564,0.08717948717948718,0.4953846153846154,ZFM-03841
-0.20000000000000018,61.626479677549156,-2.5059814744037414,127.46410256410256,33.343589743589746,0.4369158878504673,0.010737179487179487,-0.02564102564102564,0.08717948717948718,0.4953846153846154,ZFM-03841
-2.220446049250313e-16,59.144369047871415,-5.105443981087569,127.46410256410256,33.343589743589746,0.4369158878504673,0.010737179487179487,-0.02564102564102564,0.08717948717948718,0.4953846153846154,ZFM-03841
0.19999999999999973,56.007865402940496,-8.358676350885856,127.46410256410256,33.343589743589746,0.4369158878504673,0.010737179487179487,-0.02564102564102564,0.08717948717948718,0.4953846153846154,ZFM-03841
0.3999999999999997,52.87492903494888,-11.474200802829941,127.46410256410256,33.343589743589746,0.4369158878504673,0.010737179487179487,-0.02564102564102564,0.08717948717948718,0.4953846153846154,ZFM-03841
0.5999999999999996,52.8110110127165,-11.56701331304977,127.46410256410256,33.343589743589746,0.4369158878504673,0.010737179487179487,-0.02564102564102564,0.08717948717948718,0.4953846153846154,ZFM-03841
0.7999999999999996,53.61323097178654,-10.686570720606976,127.46410256410256,33.343589743589746,0.4369158878504673,0.010737179487179487,-0.02564102564102564,0.08717948717948718,0.4953846153846154,ZFM-03841
0.9999999999999996,53.87657851550003,-10.25914924178613,127.46410256410256,33.343589743589746,0.4369158878504673,0.010737179487179487,-0.02564102564102564,0.08717948717948718,0.4953846153846154,ZFM-03841
1.1999999999999993,54.35494006393588,-9.71607222600514,127.46410256410256,33.343589743589746,0.4369158878504673,0.010737179487179487,-0.02564102564102564,0.08717948717948718,0.4953846153846154,ZFM-03841
1.3999999999999995,55.08947517580246,-9.053272295258703,127.46410256410256,33.343589743589746,0.4369158878504673,0.010737179487179487,-0.02564102564102564,0.08717948717948718,0.4953846153846154,ZFM-03841
1.5999999999999996,55.589522977072455,-8.560459250294121,127.46410256410256,33.343589743589746,0.4369158878504673,0.010737179487179487,-0.02564102564102564,0.08717948717948718,0.4953846153846154,ZFM-03841
1.7999999999999994,56.25001612354987,-7.816584468343696,127.46410256410256,33.343589743589746,0.4369158878504673,0.010737179487179487,-0.02564102564102564,0.08717948717948718,0.4953846153846154,ZFM-03841
1.9999999999999991,57.13309184863791,-6.924728001254207,127.46410256410256,33.343589743589746,0.4369158878504673,0.010737179487179487,-0.02564102564102564,0.08717948717948718,0.4953846153846154,ZFM-03841
2.1999999999999993,56.25746859458549,-8.056935562205839,127.46410256410256,33.343589743589746,0.4369158878504673,0.010737179487179487,-0.02564102564102564,0.08717948717948718,0.4953846153846154,ZFM-03841
2.3999999999999995,55.53300009396811,-8.787528234060424,127.46410256410256,33.343589743589746,0.4369158878504673,0.010737179487179487,-0.02564102564102564,0.08717948717948718,0.4953846153846154,ZFM-03841
2.599999999999999,55.77923646868844,-8.540511855617545,127.46410256410256,33.343589743589746,0.4369158878504673,0.010737179487179487,-0.02564102564102564,0.08717948717948718,0.4953846153846154,ZFM-03841
2.799999999999999,55.52865499302276,-8.76973358525368,127.46410256410256,33.343589743589746,0.4369158878504673,0.010737179487179487,-0.02564102564102564,0.08717948717948718,0.4953846153846154,ZFM-03841
2.999999999999999,55.91031337622868,-8.360247357541235,127.46410256410256,33.343589743589746,0.4369158878504673,0.010737179487179487,-0.02564102564102564,0.08717948717948718,0.4953846153846154,ZFM-03841
-1.0,37.69991297663755,1.2643923241201172,204.2527646129542,32.229067930489734,0.480794701986755,0.00686216429699842,-0.026856240126382307,0.5197472353870458,0.5033175355450238,ZM_1897
-0.8,37.18870863338055,0.7028637280603953,204.2527646129542,32.229067930489734,0.480794701986755,0.00686216429699842,-0.026856240126382307,0.5197472353870458,0.5033175355450238,ZM_1897
-0.6000000000000001,36.858206910334175,0.40240236916784816,204.2527646129542,32.229067930489734,0.480794701986755,0.00686216429699842,-0.026856240126382307,0.5197472353870458,0.5033175355450238,ZM_1897
-0.40000000000000013,36.28828192610701,-0.1675226150593135,204.2527646129542,32.229067930489734,0.480794701986755,0.00686216429699842,-0.026856240126382307,0.5197472353870458,0.5033175355450238,ZM_1897
-0.20000000000000018,35.66749840343494,-0.7932483706463912,204.2527646129542,32.229067930489734,0.480794701986755,0.00686216429699842,-0.026856240126382307,0.5197472353870458,0.5033175355450238,ZM_1897
-2.220446049250313e-16,35.374098598324714,-1.0419595620261304,204.2527646129542,32.229067930489734,0.480794701986755,0.00686216429699842,-0.026856240126382307,0.5197472353870458,0.5033175355450238,ZM_1897
0.19999999999999973,34.54431632004701,-1.8729941661122895,204.2527646129542,32.229067930489734,0.480794701986755,0.00686216429699842,-0.026856240126382307,0.5197472353870458,0.5033175355450238,ZM_1897
0.3999999999999997,33.58356737949275,-2.891959196101685,204.2527646129542,32.229067930489734,0.480794701986755,0.00686216429699842,-0.026856240126382307,0.5197472353870458,0.5033175355450238,ZM_1897
0.5999999999999996,33.45110015063085,-3.033604792129865,204.2527646129542,32.229067930489734,0.480794701986755,0.00686216429699842,-0.026856240126382307,0.5197472353870458,0.5033175355450238,ZM_1897
0.7999999999999996,33.60265650415794,-2.805358099899037,204.2527646129542,32.229067930489734,0.480794701986755,0.00686216429699842,-0.026856240126382307,0.5197472353870458,0.5033175355450238,ZM_1897
0.9999999999999996,33.88908931877373,-2.4775540926412014,204.2527646129542,32.229067930489734,0.480794701986755,0.00686216429699842,-0.026856240126382307,0.5197472353870458,0.5033175355450238,ZM_1897
1.1999999999999993,34.1093310587147,-2.227373914394207,204.2527646129542,32.229067930489734,0.480794701986755,0.00686216429699842,-0.026856240126382307,0.5197472353870458,0.5033175355450238,ZM_1897
1.3999999999999995,34.24405079418369,-2.1089181459871336,204.2527646129542,32.229067930489734,0.480794701986755,0.00686216429699842,-0.026856240126382307,0.5197472353870458,0.5033175355450238,ZM_1897
1.5999999999999996,34.28137455164032,-2.0247528695375787,204.2527646129542,32.229067930489734,0.480794701986755,0.00686216429699842,-0.026856240126382307,0.5197472353870458,0.5033175355450238,ZM_1897
1.7999999999999994,34.44843463270944,-1.8777286747184512,204.2527646129542,32.229067930489734,0.480794701986755,0.00686216429699842,-0.026856240126382307,0.5197472353870458,0.5033175355450238,ZM_1897
1.9999999999999991,33.8841885948562,-2.5489477092812534,204.2527646129542,32.229067930489734,0.480794701986755,0.00686216429699842,-0.026856240126382307,0.5197472353870458,0.5033175355450238,ZM_1897
2.1999999999999993,33.54177907624986,-2.914531299129902,204.2527646129542,32.229067930489734,0.480794701986755,0.00686216429699842,-0.026856240126382307,0.5197472353870458,0.5033175355450238,ZM_1897
2.3999999999999995,33.26743378570439,-3.197284529712799,204.2527646129542,32.229067930489734,0.480794701986755,0.00686216429699842,-0.026856240126382307,0.5197472353870458,0.5033175355450238,ZM_1897
2.599999999999999,32.98384087333236,-3.4772234336351744,204.2527646129542,32.229067930489734,0.480794701986755,0.00686216429699842,-0.026856240126382307,0.5197472353870458,0.5033175355450238,ZM_1897
2.799999999999999,32.61455235201869,-3.849480602027404,204.2527646129542,32.229067930489734,0.480794701986755,0.00686216429699842,-0.026856240126382307,0.5197472353870458,0.5033175355450238,ZM_1897
2.999999999999999,32.587199595486474,-3.8132275668397346,204.2527646129542,32.229067930489734,0.480794701986755,0.00686216429699842,-0.026856240126382307,0.5197472353870458,0.5033175355450238,ZM_1897
-1.0,28.710952126140672,1.012122088369172,356.5886981402003,32.55507868383405,0.479064039408867,-0.008136623748211731,-0.0357653791130186,0.6194563662374821,0.5141630901287554,ZM_1898
-0.8,28.084175832259554,0.41405918648777484,356.5886981402003,32.55507868383405,0.479064039408867,-0.008136623748211731,-0.0357653791130186,0.6194563662374821,0.5141630901287554,ZM_1898
-0.6000000000000001,28.02741516593629,0.37553582312106487,356.5886981402003,32.55507868383405,0.479064039408867,-0.008136623748211731,-0.0357653791130186,0.6194563662374821,0.5141630901287554,ZM_1898
-0.40000000000000013,27.93407421530057,0.28041287986861757,356.5886981402003,32.55507868383405,0.479064039408867,-0.008136623748211731,-0.0357653791130186,0.6194563662374821,0.5141630901287554,ZM_1898
-0.20000000000000018,26.956153124736765,-0.6966016574510288,356.5886981402003,32.55507868383405,0.479064039408867,-0.008136623748211731,-0.0357653791130186,0.6194563662374821,0.5141630901287554,ZM_1898
-2.220446049250313e-16,25.69936635412755,-1.856969272771933,356.5886981402003,32.55507868383405,0.479064039408867,-0.008136623748211731,-0.0357653791130186,0.6194563662374821,0.5141630901287554,ZM_1898
0.19999999999999973,24.360625013942936,-3.134259140896727,356.5886981402003,32.55507868383405,0.479064039408867,-0.008136623748211731,-0.0357653791130186,0.6194563662374821,0.5141630901287554,ZM_1898
0.3999999999999997,24.94651700848082,-2.5594413173075337,356.5886981402003,32.55507868383405,0.479064039408867,-0.008136623748211731,-0.0357653791130186,0.6194563662374821,0.5141630901287554,ZM_1898
0.5999999999999996,29.06384129405509,1.524940170912094,356.5886981402003,32.55507868383405,0.479064039408867,-0.008136623748211731,-0.0357653791130186,0.6194563662374821,0.5141630901287554,ZM_1898
0.7999999999999996,34.469301188786964,6.996571509743917,356.5886981402003,32.55507868383405,0.479064039408867,-0.008136623748211731,-0.0357653791130186,0.6194563662374821,0.5141630901287554,ZM_1898
0.9999999999999996,37.92052225951505,10.465007569673755,356.5886981402003,32.55507868383405,0.479064039408867,-0.008136623748211731,-0.0357653791130186,0.6194563662374821,0.5141630901287554,ZM_1898
1.1999999999999993,39.82300671175115,12.32895094421044,356.5886981402003,32.55507868383405,0.479064039408867,-0.008136623748211731,-0.0357653791130186,0.6194563662374821,0.5141630901287554,ZM_1898
1.3999999999999995,39.984056150463125,12.443481328334954,356.5886981402003,32.55507868383405,0.479064039408867,-0.008136623748211731,-0.0357653791130186,0.6194563662374821,0.5141630901287554,ZM_1898
1.5999999999999996,38.219172437120804,10.669945572658007,356.5886981402003,32.55507868383405,0.479064039408867,-0.008136623748211731,-0.0357653791130186,0.6194563662374821,0.5141630901287554,ZM_1898
1.7999999999999994,35.45109759921001,7.8600873344201645,356.5886981402003,32.55507868383405,0.479064039408867,-0.008136623748211731,-0.0357653791130186,0.6194563662374821,0.5141630901287554,ZM_1898
1.9999999999999991,33.59545369831605,5.930767980846337,356.5886981402003,32.55507868383405,0.479064039408867,-0.008136623748211731,-0.0357653791130186,0.6194563662374821,0.5141630901287554,ZM_1898
2.1999999999999993,32.27704198484854,4.587345981901203,356.5886981402003,32.55507868383405,0.479064039408867,-0.008136623748211731,-0.0357653791130186,0.6194563662374821,0.5141630901287554,ZM_1898
2.3999999999999995,30.846279756550008,3.107385672071682,356.5886981402003,32.55507868383405,0.479064039408867,-0.008136623748211731,-0.0357653791130186,0.6194563662374821,0.5141630901287554,ZM_1898
2.599999999999999,29.171879587815113,1.4161594347588622,356.5886981402003,32.55507868383405,0.479064039408867,-0.008136623748211731,-0.0357653791130186,0.6194563662374821,0.5141630901287554,ZM_1898
2.799999999999999,27.897475356482175,0.08562606400444801,356.5886981402003,32.55507868383405,0.479064039408867,-0.008136623748211731,-0.0357653791130186,0.6194563662374821,0.5141630901287554,ZM_1898
2.999999999999999,26.999787765515435,-0.8403243005369634,356.5886981402003,32.55507868383405,0.479064039408867,-0.008136623748211731,-0.0357653791130186,0.6194563662374821,0.5141630901287554,ZM_1898
-1.0,27.427919146106174,2.700524385912391,386.7724162765574,32.30212459488657,0.4734381464625569,-0.017104789341015485,-0.04717320849837955,0.685992077781779,0.5210658984515665,ZM_2240
-0.8,26.606614327957523,1.8877809505003111,386.7724162765574,32.30212459488657,0.4734381464625569,-0.017104789341015485,-0.04717320849837955,0.685992077781779,0.5210658984515665,ZM_2240
-0.6000000000000001,25.474140355341056,0.7613805137140529,386.7724162765574,32.30212459488657,0.4734381464625569,-0.017104789341015485,-0.04717320849837955,0.685992077781779,0.5210658984515665,ZM_2240
-0.40000000000000013,24.352285954181323,-0.3620014172838324,386.7724162765574,32.30212459488657,0.4734381464625569,-0.017104789341015485,-0.04717320849837955,0.685992077781779,0.5210658984515665,ZM_2240
-0.20000000000000018,23.09795620622396,-1.6151512331423101,386.7724162765574,32.30212459488657,0.4734381464625569,-0.017104789341015485,-0.04717320849837955,0.685992077781779,0.5210658984515665,ZM_2240
-2.220446049250313e-16,21.457326314181465,-3.2557811251848032,386.7724162765574,32.30212459488657,0.4734381464625569,-0.017104789341015485,-0.04717320849837955,0.685992077781779,0.5210658984515665,ZM_2240
0.19999999999999973,19.76693004651185,-4.9461773928544215,386.7724162765574,32.30212459488657,0.4734381464625569,-0.017104789341015485,-0.04717320849837955,0.685992077781779,0.5210658984515665,ZM_2240
0.3999999999999997,18.37110953379548,-6.340812219022056,386.7724162765574,32.30212459488657,0.4734381464625569,-0.017104789341015485,-0.04717320849837955,0.685992077781779,0.5210658984515665,ZM_2240
0.5999999999999996,18.61818005757847,-6.093741695239063,386.7724162765574,32.30212459488657,0.4734381464625569,-0.017104789341015485,-0.04717320849837955,0.685992077781779,0.5210658984515665,ZM_2240
0.7999999999999996,20.73586308683234,-3.9772394514818648,386.7724162765574,32.30212459488657,0.4734381464625569,-0.017104789341015485,-0.04717320849837955,0.685992077781779,0.5210658984515665,ZM_2240
0.9999999999999996,22.448220657321443,-2.262283160395745,386.7724162765574,32.30212459488657,0.4734381464625569,-0.017104789341015485,-0.04717320849837955,0.685992077781779,0.5210658984515665,ZM_2240
1.1999999999999993,24.123819664098566,-0.5866841536186201,386.7724162765574,32.30212459488657,0.4734381464625569,-0.017104789341015485,-0.04717320849837955,0.685992077781779,0.5210658984515665,ZM_2240
1.3999999999999995,25.793611454227033,1.0819214384405147,386.7724162765574,32.30212459488657,0.4734381464625569,-0.017104789341015485,-0.04717320849837955,0.685992077781779,0.5210658984515665,ZM_2240
1.5999999999999996,27.227669712372602,2.515979696586084,386.7724162765574,32.30212459488657,0.4734381464625569,-0.017104789341015485,-0.04717320849837955,0.685992077781779,0.5210658984515665,ZM_2240
1.7999999999999994,28.075502685709033,3.3638126699225115,386.7724162765574,32.30212459488657,0.4734381464625569,-0.017104789341015485,-0.04717320849837955,0.685992077781779,0.5210658984515665,ZM_2240
1.9999999999999991,28.300609008874897,3.588918993088372,386.7724162765574,32.30212459488657,0.4734381464625569,-0.017104789341015485,-0.04717320849837955,0.685992077781779,0.5210658984515665,ZM_2240
2.1999999999999993,28.285854286501234,3.574164270714711,386.7724162765574,32.30212459488657,0.4734381464625569,-0.017104789341015485,-0.04717320849837955,0.685992077781779,0.5210658984515665,ZM_2240
2.3999999999999995,27.58471788928327,2.870087086606515,386.7724162765574,32.30212459488657,0.4734381464625569,-0.017104789341015485,-0.04717320849837955,0.685992077781779,0.5210658984515665,ZM_2240
2.599999999999999,26.604407780263276,1.8897769775865203,386.7724162765574,32.30212459488657,0.4734381464625569,-0.017104789341015485,-0.04717320849837955,0.685992077781779,0.5210658984515665,ZM_2240
2.799999999999999,26.069885222737913,1.3526571882754534,386.7724162765574,32.30212459488657,0.4734381464625569,-0.017104789341015485,-0.04717320849837955,0.685992077781779,0.5210658984515665,ZM_2240
2.999999999999999,25.33275140719163,0.6143459503426312,386.7724162765574,32.30212459488657,0.4734381464625569,-0.017104789341015485,-0.04717320849837955,0.685992077781779,0.5210658984515665,ZM_2240
-1.0,30.465620515863844,2.4128339365147897,391.89717576089936,30.459555799287084,0.4835783547075383,-0.005209761447765287,-0.02056484782012613,0.7131889224019742,0.5058404167809158,ZM_2241
-0.8,29.438328456319983,1.4125299433740097,391.89717576089936,30.459555799287084,0.4835783547075383,-0.005209761447765287,-0.02056484782012613,0.7131889224019742,0.5058404167809158,ZM_2241
-0.6000000000000001,28.521011881249514,0.505073203519636,391.89717576089936,30.459555799287084,0.4835783547075383,-0.005209761447765287,-0.02056484782012613,0.7131889224019742,0.5058404167809158,ZM_2241
-0.40000000000000013,27.536030545582513,-0.48669730162892827,391.89717576089936,30.459555799287084,0.4835783547075383,-0.005209761447765287,-0.02056484782012613,0.7131889224019742,0.5058404167809158,ZM_2241
-0.20000000000000018,26.699577324037573,-1.3033078605014023,391.89717576089936,30.459555799287084,0.4835783547075383,-0.005209761447765287,-0.02056484782012613,0.7131889224019742,0.5058404167809158,ZM_2241
-2.220446049250313e-16,26.277031506935383,-1.740926164194606,391.89717576089936,30.459555799287084,0.4835783547075383,-0.005209761447765287,-0.02056484782012613,0.7131889224019742,0.5058404167809158,ZM_2241
0.19999999999999973,26.159705724867546,-1.9651562849739213,391.89717576089936,30.459555799287084,0.4835783547075383,-0.005209761447765287,-0.02056484782012613,0.7131889224019742,0.5058404167809158,ZM_2241
0.3999999999999997,26.279433617957263,-1.8696422820627667,391.89717576089936,30.459555799287084,0.4835783547075383,-0.005209761447765287,-0.02056484782012613,0.7131889224019742,0.5058404167809158,ZM_2241
0.5999999999999996,29.106370334753805,0.9611346906301236,391.89717576089936,30.459555799287084,0.4835783547075383,-0.005209761447765287,-0.02056484782012613,0.7131889224019742,0.5058404167809158,ZM_2241
0.7999999999999996,32.318591315384346,4.154025754126788,391.89717576089936,30.459555799287084,0.4835783547075383,-0.005209761447765287,-0.02056484782012613,0.7131889224019742,0.5058404167809158,ZM_2241
0.9999999999999996,33.36782133400864,5.15692050475133,391.89717576089936,30.459555799287084,0.4835783547075383,-0.005209761447765287,-0.02056484782012613,0.7131889224019742,0.5058404167809158,ZM_2241
1.1999999999999993,34.44731413451905,6.264774650288121,391.89717576089936,30.459555799287084,0.4835783547075383,-0.005209761447765287,-0.02056484782012613,0.7131889224019742,0.5058404167809158,ZM_2241
1.3999999999999995,35.72480753332745,7.552885520055419,391.89717576089936,30.459555799287084,0.4835783547075383,-0.005209761447765287,-0.02056484782012613,0.7131889224019742,0.5058404167809158,ZM_2241
1.5999999999999996,36.06336802327998,7.932561877232219,391.89717576089936,30.459555799287084,0.4835783547075383,-0.005209761447765287,-0.02056484782012613,0.7131889224019742,0.5058404167809158,ZM_2241
1.7999999999999994,35.290813382565545,7.183754798629343,391.89717576089936,30.459555799287084,0.4835783547075383,-0.005209761447765287,-0.02056484782012613,0.7131889224019742,0.5058404167809158,ZM_2241
1.9999999999999991,34.37466644781202,6.293374933368524,391.89717576089936,30.459555799287084,0.4835783547075383,-0.005209761447765287,-0.02056484782012613,0.7131889224019742,0.5058404167809158,ZM_2241
2.1999999999999993,33.21236130452043,5.1169909721334,391.89717576089936,30.459555799287084,0.4835783547075383,-0.005209761447765287,-0.02056484782012613,0.7131889224019742,0.5058404167809158,ZM_2241
2.3999999999999995,31.843619790206592,3.7691476548266776,391.89717576089936,30.459555799287084,0.4835783547075383,-0.005209761447765287,-0.02056484782012613,0.7131889224019742,0.5058404167809158,ZM_2241
2.599999999999999,30.492883778258154,2.497065733409142,391.89717576089936,30.459555799287084,0.4835783547075383,-0.005209761447765287,-0.02056484782012613,0.7131889224019742,0.5058404167809158,ZM_2241
2.799999999999999,29.222803785608026,1.2416416621293047,391.89717576089936,30.459555799287084,0.4835783547075383,-0.005209761447765287,-0.02056484782012613,0.7131889224019742,0.5058404167809158,ZM_2241
2.999999999999999,27.95587033953933,0.016039069846576496,391.89717576089936,30.459555799287084,0.4835783547075383,-0.005209761447765287,-0.02056484782012613,0.7131889224019742,0.5058404167809158,ZM_2241
-1.0,49.42789683774838,7.6318547839503665,435.5,33.31307339449541,0.4589514066496164,-0.012041284403669725,-0.07110091743119266,0.7178899082568807,0.5192660550458715,ZM_2245
-0.8,46.58013709979139,4.784095045993388,435.5,33.31307339449541,0.4589514066496164,-0.012041284403669725,-0.07110091743119266,0.7178899082568807,0.5192660550458715,ZM_2245
-0.6000000000000001,43.54398503624327,1.7647299338856095,435.5,33.31307339449541,0.4589514066496164,-0.012041284403669725,-0.07110091743119266,0.7178899082568807,0.5192660550458715,ZM_2245
-0.40000000000000013,40.43007200182959,-1.349183100528065,435.5,33.31307339449541,0.4589514066496164,-0.012041284403669725,-0.07110091743119266,0.7178899082568807,0.5192660550458715,ZM_2245
-0.20000000000000018,37.754294594095605,-4.024960508262055,435.5,33.31307339449541,0.4589514066496164,-0.012041284403669725,-0.07110091743119266,0.7178899082568807,0.5192660550458715,ZM_2245
-2.220446049250313e-16,35.02511165567044,-6.754143446687212,435.5,33.31307339449541,0.4589514066496164,-0.012041284403669725,-0.07110091743119266,0.7178899082568807,0.5192660550458715,ZM_2245
0.19999999999999973,32.09782146043905,-9.68143364191861,435.5,33.31307339449541,0.4589514066496164,-0.012041284403669725,-0.07110091743119266,0.7178899082568807,0.5192660550458715,ZM_2245
0.3999999999999997,28.848277403640765,-12.930977698716893,435.5,33.31307339449541,0.4589514066496164,-0.012041284403669725,-0.07110091743119266,0.7178899082568807,0.5192660550458715,ZM_2245
0.5999999999999996,30.801034620137422,-10.978220482220241,435.5,33.31307339449541,0.4589514066496164,-0.012041284403669725,-0.07110091743119266,0.7178899082568807,0.5192660550458715,ZM_2245
0.7999999999999996,37.9666208064567,-3.812634295900954,435.5,33.31307339449541,0.4589514066496164,-0.012041284403669725,-0.07110091743119266,0.7178899082568807,0.5192660550458715,ZM_2245
0.9999999999999996,45.31585077873417,3.536595676376515,435.5,33.31307339449541,0.4589514066496164,-0.012041284403669725,-0.07110091743119266,0.7178899082568807,0.5192660550458715,ZM_2245
1.1999999999999993,50.75988876492217,8.980633662564506,435.5,33.31307339449541,0.4589514066496164,-0.012041284403669725,-0.07110091743119266,0.7178899082568807,0.5192660550458715,ZM_2245
1.3999999999999995,53.645277115304985,11.86602201294733,435.5,33.31307339449541,0.4589514066496164,-0.012041284403669725,-0.07110091743119266,0.7178899082568807,0.5192660550458715,ZM_2245
1.5999999999999996,54.953024312775355,13.173769210417694,435.5,33.31307339449541,0.4589514066496164,-0.012041284403669725,-0.07110091743119266,0.7178899082568807,0.5192660550458715,ZM_2245
1.7999999999999994,55.42004160997074,13.64078650761308,435.5,33.31307339449541,0.4589514066496164,-0.012041284403669725,-0.07110091743119266,0.7178899082568807,0.5192660550458715,ZM_2245
1.9999999999999991,54.543870819968774,12.764615717611111,435.5,33.31307339449541,0.4589514066496164,-0.012041284403669725,-0.07110091743119266,0.7178899082568807,0.5192660550458715,ZM_2245
2.1999999999999993,54.045428946059374,12.266173843701711,435.5,33.31307339449541,0.4589514066496164,-0.012041284403669725,-0.07110091743119266,0.7178899082568807,0.5192660550458715,ZM_2245
2.3999999999999995,53.07823822629713,11.298983123939472,435.5,33.31307339449541,0.4589514066496164,-0.012041284403669725,-0.07110091743119266,0.7178899082568807,0.5192660550458715,ZM_2245
2.599999999999999,50.994470952880484,9.215215850522819,435.5,33.31307339449541,0.4589514066496164,-0.012041284403669725,-0.07110091743119266,0.7178899082568807,0.5192660550458715,ZM_2245
2.799999999999999,47.94068554037839,6.16143043802073,435.5,33.31307339449541,0.4589514066496164,-0.012041284403669725,-0.07110091743119266,0.7178899082568807,0.5192660550458715,ZM_2245
2.999999999999999,44.73765143113594,2.9583963287782744,435.5,33.31307339449541,0.4589514066496164,-0.012041284403669725,-0.07110091743119266,0.7178899082568807,0.5192660550458715,ZM_2245
-1.0,32.31483035388596,3.5103761899460424,292.875238701464,32.263526416295356,0.4605687932359724,-0.02040897517504774,-0.05283259070655633,0.5264162953532782,0.5227243793761935,ZM_3001
-0.8,30.941827151799618,2.0728990587709126,292.875238701464,32.263526416295356,0.4605687932359724,-0.02040897517504774,-0.05283259070655633,0.5264162953532782,0.5227243793761935,ZM_3001
-0.6000000000000001,29.218646500877373,0.3581406266384021,292.875238701464,32.263526416295356,0.4605687932359724,-0.02040897517504774,-0.05283259070655633,0.5264162953532782,0.5227243793761935,ZM_3001
-0.40000000000000013,27.900800795107386,-0.9558610758842554,292.875238701464,32.263526416295356,0.4605687932359724,-0.02040897517504774,-0.05283259070655633,0.5264162953532782,0.5227243793761935,ZM_3001
-0.20000000000000018,26.895696702830097,-1.9508668509402136,292.875238701464,32.263526416295356,0.4605687932359724,-0.02040897517504774,-0.05283259070655633,0.5264162953532782,0.5227243793761935,ZM_3001
-2.220446049250313e-16,26.161143726965264,-2.654881792121438,292.875238701464,32.263526416295356,0.4605687932359724,-0.02040897517504774,-0.05283259070655633,0.5264162953532782,0.5227243793761935,ZM_3001
0.19999999999999973,25.91248915461305,-2.876601789501906,292.875238701464,32.263526416295356,0.4605687932359724,-0.02040897517504774,-0.05283259070655633,0.5264162953532782,0.5227243793761935,ZM_3001
0.3999999999999997,26.04099939684681,-2.7496350345298004,292.875238701464,32.263526416295356,0.4605687932359724,-0.02040897517504774,-0.05283259070655633,0.5264162953532782,0.5227243793761935,ZM_3001
0.5999999999999996,27.80908281238488,-0.9864760487373069,292.875238701464,32.263526416295356,0.4605687932359724,-0.02040897517504774,-0.05283259070655633,0.5264162953532782,0.5227243793761935,ZM_3001
0.7999999999999996,31.247499715851013,2.4175735530082108,292.875238701464,32.263526416295356,0.4605687932359724,-0.02040897517504774,-0.05283259070655633,0.5264162953532782,0.5227243793761935,ZM_3001
0.9999999999999996,33.61907827079726,4.794636125590395,292.875238701464,32.263526416295356,0.4605687932359724,-0.02040897517504774,-0.05283259070655633,0.5264162953532782,0.5227243793761935,ZM_3001
1.1999999999999993,34.950954538212464,6.134368747353762,292.875238701464,32.263526416295356,0.4605687932359724,-0.02040897517504774,-0.05283259070655633,0.5264162953532782,0.5227243793761935,ZM_3001
1.3999999999999995,35.70544091396664,6.883083403478563,292.875238701464,32.263526416295356,0.4605687932359724,-0.02040897517504774,-0.05283259070655633,0.5264162953532782,0.5227243793761935,ZM_3001
1.5999999999999996,35.92619625330192,7.118035052335137,292.875238701464,32.263526416295356,0.4605687932359724,-0.02040897517504774,-0.05283259070655633,0.5264162953532782,0.5227243793761935,ZM_3001
1.7999999999999994,35.350472858579785,6.536239775504928,292.875238701464,32.263526416295356,0.4605687932359724,-0.02040897517504774,-0.05283259070655633,0.5264162953532782,0.5227243793761935,ZM_3001
1.9999999999999991,34.57568969346686,5.765929026636203,292.875238701464,32.263526416295356,0.4605687932359724,-0.02040897517504774,-0.05283259070655633,0.5264162953532782,0.5227243793761935,ZM_3001
2.1999999999999993,33.693007048806656,4.879189411706842,292.875238701464,32.263526416295356,0.4605687932359724,-0.02040897517504774,-0.05283259070655633,0.5264162953532782,0.5227243793761935,ZM_3001
2.3999999999999995,32.95925627993511,4.160305694064284,292.875238701464,32.263526416295356,0.4605687932359724,-0.02040897517504774,-0.05283259070655633,0.5264162953532782,0.5227243793761935,ZM_3001
2.599999999999999,31.625360859761336,2.846819560220886,292.875238701464,32.263526416295356,0.4605687932359724,-0.02040897517504774,-0.05283259070655633,0.5264162953532782,0.5227243793761935,ZM_3001
2.799999999999999,30.310862206461326,1.5348257187703565,292.875238701464,32.263526416295356,0.4605687932359724,-0.02040897517504774,-0.05283259070655633,0.5264162953532782,0.5227243793761935,ZM_3001
2.999999999999999,29.23474786732421,0.4525607789973898,292.875238701464,32.263526416295356,0.4605687932359724,-0.02040897517504774,-0.05283259070655633,0.5264162953532782,0.5227243793761935,ZM_3001
-1.0,30.66974650178104,3.0741891502570318,298.9971799210378,32.30005640157925,0.46506986027944114,-0.01716723068245911,-0.049069373942470386,0.637901861252115,0.5208121827411168,ZM_3003
-0.8,29.714309639080533,2.136342647181483,298.9971799210378,32.30005640157925,0.46506986027944114,-0.01716723068245911,-0.049069373942470386,0.637901861252115,0.5208121827411168,ZM_3003
-0.6000000000000001,28.497734621946293,0.9288717544764905,298.9971799210378,32.30005640157925,0.46506986027944114,-0.01716723068245911,-0.049069373942470386,0.637901861252115,0.5208121827411168,ZM_3003
-0.40000000000000013,26.88676302963672,-0.67320975655765,298.9971799210378,32.30005640157925,0.46506986027944114,-0.01716723068245911,-0.049069373942470386,0.637901861252115,0.5208121827411168,ZM_3003
-0.20000000000000018,25.288891129555033,-2.281822793487266,298.9971799210378,32.30005640157925,0.46506986027944114,-0.01716723068245911,-0.049069373942470386,0.637901861252115,0.5208121827411168,ZM_3003
-2.220446049250313e-16,23.491422090473606,-4.079291832568691,298.9971799210378,32.30005640157925,0.46506986027944114,-0.01716723068245911,-0.049069373942470386,0.637901861252115,0.5208121827411168,ZM_3003
0.19999999999999973,21.735870997817624,-5.8374059983424305,298.9971799210378,32.30005640157925,0.46506986027944114,-0.01716723068245911,-0.049069373942470386,0.637901861252115,0.5208121827411168,ZM_3003
0.3999999999999997,20.40700362698695,-7.156012925740197,298.9971799210378,32.30005640157925,0.46506986027944114,-0.01716723068245911,-0.049069373942470386,0.637901861252115,0.5208121827411168,ZM_3003
0.5999999999999996,21.076602032906667,-6.480980105708011,298.9971799210378,32.30005640157925,0.46506986027944114,-0.01716723068245911,-0.049069373942470386,0.637901861252115,0.5208121827411168,ZM_3003
0.7999999999999996,22.943174454832516,-4.626803162094112,298.9971799210378,32.30005640157925,0.46506986027944114,-0.01716723068245911,-0.049069373942470386,0.637901861252115,0.5208121827411168,ZM_3003
0.9999999999999996,24.700790677839276,-2.8696429468655857,298.9971799210378,32.30005640157925,0.46506986027944114,-0.01716723068245911,-0.049069373942470386,0.637901861252115,0.5208121827411168,ZM_3003
1.1999999999999993,26.52580393813002,-1.0434182144671977,298.9971799210378,32.30005640157925,0.46506986027944114,-0.01716723068245911,-0.049069373942470386,0.637901861252115,0.5208121827411168,ZM_3003
1.3999999999999995,28.7580199771856,1.204036374413536,298.9971799210378,32.30005640157925,0.46506986027944114,-0.01716723068245911,-0.049069373942470386,0.637901861252115,0.5208121827411168,ZM_3003
1.5999999999999996,30.39534861718459,2.8312371140007793,298.9971799210378,32.30005640157925,0.46506986027944114,-0.01716723068245911,-0.049069373942470386,0.637901861252115,0.5208121827411168,ZM_3003
1.7999999999999994,31.18561973156684,3.613750102635382,298.9971799210378,32.30005640157925,0.46506986027944114,-0.01716723068245911,-0.049069373942470386,0.637901861252115,0.5208121827411168,ZM_3003
1.9999999999999991,31.227660308856233,3.6754440279712846,298.9971799210378,32.30005640157925,0.46506986027944114,-0.01716723068245911,-0.049069373942470386,0.637901861252115,0.5208121827411168,ZM_3003
2.1999999999999993,30.8158465563771,3.2799789997529243,298.9971799210378,32.30005640157925,0.46506986027944114,-0.01716723068245911,-0.049069373942470386,0.637901861252115,0.5208121827411168,ZM_3003
2.3999999999999995,30.232272729353543,2.7013192085534565,298.9971799210378,32.30005640157925,0.46506986027944114,-0.01716723068245911,-0.049069373942470386,0.637901861252115,0.5208121827411168,ZM_3003
2.599999999999999,29.220462022906077,1.6570784726598935,298.9971799210378,32.30005640157925,0.46506986027944114,-0.01716723068245911,-0.049069373942470386,0.637901861252115,0.5208121827411168,ZM_3003
2.799999999999999,28.042879958585587,0.475927054336117,298.9971799210378,32.30005640157925,0.46506986027944114,-0.01716723068245911,-0.049069373942470386,0.637901861252115,0.5208121827411168,ZM_3003
2.999999999999999,26.931614829039592,-0.6108898527808728,298.9971799210378,32.30005640157925,0.46506986027944114,-0.01716723068245911,-0.049069373942470386,0.637901861252115,0.5208121827411168,ZM_3003
